Gwenneth,Shelba,Gwenneth.Shelba@icanschool.com,GameProgramming,2021,Lille
Neila,Barbey,Neila.Barbey@icanschool.com,GameProgramming,2021,Bordeaux
Annice,Vorster,Annice.Vorster@icanschool.com,GameProgramming,2021,Lyon
Millie,August,Millie.August@icanschool.com,GameProgramming,2021,Lille
Andeee,Weaks,Andeee.Weaks@icanschool.com,GameProgramming,2021,Bordeaux
Fanchon,Seumas,Fanchon.Seumas@icanschool.com,GameProgramming,2021,Paris
Elmira,Kauppi,Elmira.Kauppi@icanschool.com,GameProgramming,2021,Lyon
Therine,Auberbach,Therine.Auberbach@icanschool.com,GameProgramming,2021,Paris
Maisey,Breed,Maisey.Breed@icanschool.com,GameProgramming,2021,Paris
Rozele,Hachmin,Rozele.Hachmin@icanschool.com,GameProgramming,2021,Lille
Siana,Fillbert,Siana.Fillbert@icanschool.com,GameProgramming,2021,Bordeaux
Elbertina,Hepsibah,Elbertina.Hepsibah@icanschool.com,GameProgramming,2021,Lille
Allis,Tufts,Allis.Tufts@icanschool.com,GameProgramming,2021,Paris
Eugine,Breed,Eugine.Breed@icanschool.com,GameProgramming,2021,Bordeaux
Regina,Mich,Regina.Mich@icanschool.com,GameProgramming,2021,Paris
Sindee,Darrell,Sindee.Darrell@icanschool.com,GameProgramming,2021,Lille
Ardys,Roche,Ardys.Roche@icanschool.com,GameProgramming,2021,Paris
Randa,Suanne,Randa.Suanne@icanschool.com,GameProgramming,2021,Bordeaux
Mady,Serilda,Mady.Serilda@icanschool.com,GameProgramming,2021,Lyon
Adelle,Zuzana,Adelle.Zuzana@icanschool.com,GameProgramming,2021,Lille
Bernie,Shields,Bernie.Shields@icanschool.com,GameProgramming,2021,Bordeaux
Maisey,Lanita,Maisey.Lanita@icanschool.com,GameProgramming,2021,Lille
Mallory,Syd,Mallory.Syd@icanschool.com,GameProgramming,2021,Lyon
Jsandye,Ardra,Jsandye.Ardra@icanschool.com,GameProgramming,2021,Bordeaux
Binny,Cosenza,Binny.Cosenza@icanschool.com,GameProgramming,2021,Lille
Marleah,Valoniah,Marleah.Valoniah@icanschool.com,GameProgramming,2021,Paris
Danny,Brieta,Danny.Brieta@icanschool.com,GameProgramming,2021,Bordeaux
